{"val_loss": [0.03545124462452428, 0.02435932147605666, 0.02151857188549535, 0.02206344102049011, 0.02183619934765772, 0.02005233335340845, 0.020455418277917237, 0.0195477771699086, 0.018949416185590044, 0.019272305569772063, 0.018942226526894788, 0.018841264098882676, 0.019045088547228396, 0.018726000832929007, 0.01831251237241701, 0.018826136357825377, 0.017431535359429217, 0.018783651180993552, 0.017800060126116905, 0.01810999382587, 0.017898814214029533, 0.018346354081884196, 0.01805893370560531, 0.01788221714739827, 0.018989446114363342, 0.018292577416561116, 0.01912616490033166, 0.01733388388893385, 0.01737916789435107, 0.01742118683268969, 0.01807196010888993, 0.01777296675775928, 0.017583759847557407, 0.017766965022203565, 0.016960069031037132, 0.017077389761120422, 0.017595548701697383, 0.01801782446174786, 0.016826846091740434, 0.017011624682566215, 0.017204872947828524, 0.017077484534218392, 0.016823551594868473, 0.01726972507762498, 0.01722987551627488, 0.016841413479769366, 0.017743134777778866, 0.016564989067699716, 0.01692566625088796, 0.019073418042269245, 0.016700798925654643, 0.016718753872589132, 0.018930092341769702, 0.01744986535574513, 0.016864958999828362, 0.01860808572892485, 0.016919375473911733, 0.01678267253113204, 0.017057464759068927, 0.02053049179671825, 0.017638437822461127, 0.01722183515713818, 0.020535625614996614, 0.017624546513817778, 0.016537968111277997, 0.01859951549391637, 0.016837216512053863, 0.01684437177818397, 0.01733406594601171, 0.017184366093113506, 0.016673689064109463, 0.017442508377562994, 0.016937565105571144, 0.017934588754827948, 0.016561425757305376, 0.01712979719727889, 0.01652802481904797, 0.01677856685615134, 0.01734859485393283, 0.0173482791831096, 0.016812462528375375, 0.016734378476595056, 0.017450748741969294, 0.017579929838064074, 0.017069385933807527, 0.017447149947114375, 0.01705737248320004, 0.016622057588792396, 0.016652817059864943, 0.01757908636554219, 0.018237377706615404, 0.018580867444304216, 0.017336069622087752, 0.01682919753693986, 0.019224448395871566, 0.017746685146429072, 0.016902867317542262, 0.01670713597159276, 0.01775233406188159, 0.01913698126615464], "loss": [0.0320021397861323, 0.02700096610054242, 0.0258569178389179, 0.02427768329666738, 0.0231408524269703, 0.022466791423417044, 0.02199956170726937, 0.02154535859142207, 0.02123137952426008, 0.020908620241081467, 0.020755207486267104, 0.020478286822630382, 0.02036345116156529, 0.020214617782732543, 0.020076266030129554, 0.019985921872901987, 0.019867555679182754, 0.01976220299189748, 0.019699962006050526, 0.019612468989628675, 0.01950839937268533, 0.019438634608525945, 0.01935985119961159, 0.01929623393549638, 0.019182893959919223, 0.019183356022381325, 0.01918096801321074, 0.019114147110139604, 0.019061107240310397, 0.018971717853546816, 0.01898310861350765, 0.018858288440875077, 0.018852448761771445, 0.01878140936645043, 0.018705306740753384, 0.018724744041580466, 0.01868621365233586, 0.018585915847679536, 0.018600069096415973, 0.018554480212852876, 0.018513852159373737, 0.018500363185878464, 0.01846977138815797, 0.018421251458869588, 0.01843078021651622, 0.018412045289502906, 0.018411654740773758, 0.018353848212071217, 0.01834310687978913, 0.01830643562935272, 0.0182647149017067, 0.01823933437138723, 0.018253116638452034, 0.018187071277483393, 0.018186063302699416, 0.018179482702100683, 0.01820202000864454, 0.01815623969143722, 0.018097040173908542, 0.018093830647144257, 0.018097725859584836, 0.018033996135422403, 0.017986758947876897, 0.0179992642534593, 0.017991873072920963, 0.017952614698053888, 0.017947768045279998, 0.01797654357761038, 0.017895983286147304, 0.017911983278010916, 0.017863149819687184, 0.017850698951897326, 0.01781940224860897, 0.017820936153879825, 0.01787093847791055, 0.01779446150923282, 0.01771018868923546, 0.017802948983081733, 0.017796200780152087, 0.017694515275082486, 0.017704727967862283, 0.017727432594204926, 0.01764994196016436, 0.017652322591970977, 0.017690624994079893, 0.017619179255205234, 0.017668582646511475, 0.017575626976007532, 0.017639671692136694, 0.01756713561852422, 0.017524969213878118, 0.017538451939787612, 0.017488668080876818, 0.017539940421669717, 0.017486438349250878, 0.017482587412904926, 0.017466083927423697, 0.01740247394083159, 0.017433113602962354, 0.017342949974479722]}