{
  "val_loss": [
    1.4557273744714671,
    1.1784780130167116,
    0.9655145878353338,
    1.0782131023516601,
    1.041614649816491,
    0.9922050382077009,
    0.8550806650622138,
    0.8272248453929506,
    0.8102908926722647,
    0.7716923861942072,
    0.8314461123806307,
    0.8102024022053028,
    0.7152979629889302,
    0.7061757824064672,
    0.7653193228820274,
    0.7556186340047025,
    0.7683640924815474,
    0.773271824107773,
    0.6154513946757919,
    0.6389943941434224,
    0.703277170493685,
    0.566966736631832,
    0.5975336534264444,
    0.5500024053420144,
    0.5728525148177969,
    0.5883810126644441,
    0.6607784065843999,
    0.5542123823056275,
    0.5590069302745249,
    0.5978658091473853,
    0.5408547042704177,
    0.5201200447822439,
    0.5650201491788886,
    0.5353643830480247,
    0.5335420543434977,
    0.5705187872771559,
    0.5363966080512124,
    0.49031912880382316,
    0.529158039750724,
    0.5378170075909845,
    0.5489905534119441,
    0.5035964307565799,
    0.49203935757450673,
    0.48959743143498213,
    0.4547607247582797,
    0.5047563780039206,
    0.5257289361131602,
    0.5729163256732896,
    0.476198215347597,
    0.5427377725332633,
    0.4838928465870605,
    0.4769885601668522,
    0.44811249864512475,
    0.4683496440416095,
    0.46811815057677786,
    0.46728479289460456,
    0.5350861637345675,
    0.45183848016563505,
    0.40215162814348593,
    0.48821551605202684,
    0.41705235832038967,
    0.46273759872063824,
    0.4221557854235857,
    0.47759848944072064,
    0.48727095455958924,
    0.5544713145974038,
    0.4471103230153007,
    0.5280497429014622,
    0.4552307430218006,
    0.41454902668108884,
    0.3732179123916845,
    0.5418619737131842,
    0.44645175794075276,
    0.538452076514562,
    0.4314548110002759,
    0.45147420440597097,
    0.4717832830582542,
    0.42544944670008516,
    0.49766345573567794,
    0.4519918785972157,
    0.5041558003562621,
    0.3925931574832434,
    0.3783890535228554,
    0.3622537665668575,
    0.3500636349327263,
    0.3608415635289817,
    0.3202216436260048,
    0.3430732794876756,
    0.3732785885361419,
    0.3826900404760207,
    0.34105791938715966,
    0.3327524222039628,
    0.33306596285995397,
    0.3563987692471208,
    0.37347593544543476,
    0.3064995639351593,
    0.2932629120760951,
    0.2584574237500114,
    0.25922947425951904,
    0.26295678684081154
  ],
  "val_acc": [
    0.4899999999451911,
    0.5732183908320021,
    0.6598850574712644,
    0.6270689654624325,
    0.6405172412970971,
    0.6554597701697514,
    0.7008620689381128,
    0.7164367815543865,
    0.7216666665844533,
    0.7339080458947982,
    0.7210344827038119,
    0.7298275862617054,
    0.7559770114120395,
    0.763218390886811,
    0.7474712643404117,
    0.7478160919814274,
    0.7482183907223844,
    0.7468390804323657,
    0.7894252874385351,
    0.784137931116696,
    0.7690229885879605,
    0.8100574713465811,
    0.7963218389982465,
    0.8135632184456134,
    0.8128735633006041,
    0.8046551724960064,
    0.7892528735906228,
    0.8184482759168778,
    0.8150574713191767,
    0.8064942528735632,
    0.82339080465251,
    0.8270114942254692,
    0.8173563217568671,
    0.8237356321016948,
    0.8297126436781609,
    0.812931034510163,
    0.8252298851396845,
    0.8405172413519059,
    0.8316091954571078,
    0.8289655172961882,
    0.8283908045977012,
    0.8389080458947982,
    0.8390804598249238,
    0.8416666667214755,
    0.8516666667488799,
    0.8380459770388987,
    0.83327586209637,
    0.8268965517789468,
    0.8469540230159102,
    0.8322413793377492,
    0.8479885057745309,
    0.8491954023536594,
    0.8593678161467629,
    0.8497701149973376,
    0.8495402299398663,
    0.8535632183908046,
    0.8347701149699331,
    0.8567241379584389,
    0.8716666666940711,
    0.8514942528735632,
    0.8679885058019353,
    0.8572988506021171,
    0.8655747126984871,
    0.8533908045977011,
    0.8492528735906228,
    0.8335632183908046,
    0.8625862068417428,
    0.8431609195128255,
    0.8585057471812456,
    0.8711494253147608,
    0.8828735632457952,
    0.8387931034756803,
    0.8616666666940711,
    0.8402298850574713,
    0.864827586234301,
    0.8622988506021171,
    0.8558620689929217,
    0.8678160919814274,
    0.8527011494800962,
    0.8605172414341192,
    0.8504597701149426,
    0.8779310345101631,
    0.8564367816091954,
    0.8601149425561401,
    0.866551724137931,
    0.8617816092228068,
    0.8753448276684201,
    0.8681609195676343,
    0.8572988506295215,
    0.8585057471812456,
    0.8662643677338786,
    0.8675287356595883,
    0.8678735633006041,
    0.8635632184730179,
    0.8608620690477305,
    0.8783333332511201,
    0.8553448276136113,
    0.8647126437055653,
    0.8671264368090136,
    0.8681609195950387
  ],
  "loss": [
    1.5421695128419346,
    1.1874102540363242,
    1.0467960796836894,
    0.9770990354754276,
    0.906061550347635,
    0.8590883267694832,
    0.8162544683919537,
    0.7839318133171774,
    0.7530370512155745,
    0.7212445312858368,
    0.6969559581651485,
    0.6834134608142824,
    0.6605811560088942,
    0.6457878049432906,
    0.6287086345164292,
    0.6154117754735691,
    0.6004901128154243,
    0.5889968380390846,
    0.5716033322214296,
    0.5617829161814019,
    0.5491617190416357,
    0.5415968163829112,
    0.5319784768255039,
    0.5207950644011513,
    0.5097281945946747,
    0.5074457348020808,
    0.49312319436287644,
    0.48497689241122676,
    0.48085255897065315,
    0.47355461671026394,
    0.46448657355497763,
    0.4586727406401506,
    0.4556167384657574,
    0.43923803506454445,
    0.4397483442720668,
    0.4383113508343764,
    0.43295346005688895,
    0.41666029693265594,
    0.4151246235102488,
    0.4160363301088291,
    0.4074044025816459,
    0.40306012004260755,
    0.39751539973919386,
    0.3851937592444349,
    0.3873510279387757,
    0.37825379866349284,
    0.37835483901232103,
    0.37323505641464816,
    0.36617278823485744,
    0.36733229177796755,
    0.3598066577847255,
    0.35697202260318905,
    0.3547472071217172,
    0.34270748443087395,
    0.3478176951834374,
    0.34405410300974603,
    0.3364993804560942,
    0.33833103603284925,
    0.332005636773209,
    0.3273697092173488,
    0.3245395662104341,
    0.31953206343917173,
    0.32191246186339456,
    0.3116065171656358,
    0.3122388820787648,
    0.30443025344360225,
    0.3076853347560035,
    0.3044181261908768,
    0.2956647206562364,
    0.3037783454711979,
    0.29412127197214777,
    0.29416103895073303,
    0.2911796123377919,
    0.28936427067113995,
    0.2889766916758767,
    0.2833244276042269,
    0.2825792908152849,
    0.2810058671773007,
    0.2775575727622312,
    0.27697456419434296,
    0.27512361457613776,
    0.26967176969884954,
    0.26959282569818443,
    0.26866293705135263,
    0.2662020128024842,
    0.2624973775256682,
    0.25896124130625325,
    0.2562420219379147,
    0.25302328238288596,
    0.2523069716954962,
    0.25175063939544745,
    0.25426610891187195,
    0.2560644498025203,
    0.2541877880947514,
    0.24456352501608766,
    0.248200703204205,
    0.2377809465985247,
    0.23992643487818913,
    0.23885008852486775,
    0.2372299664637548
  ],