{"val_loss": [1.5030321172188068, 1.2595665540914427, 1.1199052473594402, 0.9925952551282685, 1.0391077218110534, 0.7990789264372026, 0.8118524496582733, 0.8110868973841613, 0.7511112768074562, 0.7252786029618362, 0.7174114570946529, 0.6922628771847692, 0.7467236798385094, 0.6177597521639419, 0.6562117978622174, 0.6846373183973904, 0.6353998014570653, 0.6218291014364395, 0.612348536102251, 0.5839061842567619, 0.6507590551211916, 0.5810548811397334, 0.5775715334113987, 0.7214970519898952, 0.5628852786414925, 0.551424678139303, 0.5681928646701506, 0.6008766517419925, 0.6154996314816091, 0.5508076549124443, 0.5657824015891415, 0.5844741101100527, 0.6234765407408791, 0.5551627331766589, 0.5817081056518116, 0.5595775247168266, 0.5199276440582056, 0.5994446295705335, 0.5662521672522884, 0.5019717691136503, 0.570877810716629, 0.5238383138042757, 0.4936144147385126, 0.53449425075246, 0.5420464449230282, 0.5131267665172445, 0.5060113078013234, 0.5348158854040607, 0.499142677400304, 0.5556026364194936, 0.4987547589170522, 0.5779874076788453, 0.4989708100516221, 0.5309593199861461, 0.5483475655933906, 0.47136928298007486, 0.494015237545145, 0.5009526795765449, 0.5059788611017424, 0.4770180715500623, 0.48448091934467186, 0.5376495445322717, 0.5030020420578705, 0.46275050801792367, 0.5197148672602643, 0.4910412299496004, 0.5074873218180119, 0.47173764280889224, 0.5130685989473058, 0.48859005817051593, 0.47978699928042534, 0.5735217921487217, 0.5060125543879367, 0.5184226691859892, 0.5284404071446123, 0.5006594487990456, 0.5040687229167455, 0.47195816590868195, 0.5136645499043081, 0.5373825875369982, 0.4618732034611976, 0.5050976340250037, 0.5212030628631855, 0.48331712741961425, 0.4819873822283471, 0.4738386919717679, 0.4966752987894519, 0.4856227514387547, 0.5170813197377084, 0.4721086894232651, 0.49681257568556686, 0.4882300667379094, 0.4795998973682009, 0.49210408033995795, 0.4917842957617223, 0.48369165964510247, 0.5091244519578999, 0.4803332025429298, 0.46230471934395273, 0.48647740020149055], "val_acc": [0.44045977012864473, 0.5352873563218391, 0.5913218391626731, 0.6416091954022989, 0.6352873562670303, 0.7170689654350281, 0.710919540284694, 0.7070114941706602, 0.7343103449097995, 0.746034482840834, 0.7514942528735632, 0.7585632183359957, 0.7431609194580165, 0.7813793103448275, 0.7698275861794921, 0.7633908045702967, 0.7826436781335151, 0.7801149424465224, 0.7874137930760439, 0.8018390804323656, 0.7760344826764074, 0.8003448275862068, 0.8019540230159102, 0.7596551724411975, 0.8059770115490618, 0.8102873562944346, 0.8047126435959476, 0.7935057470716279, 0.7929885058293398, 0.810114942610949, 0.8085632183359958, 0.803620689627768, 0.7890229884783427, 0.8077011493704784, 0.8040804597153061, 0.8074137930760439, 0.8250000000274045, 0.7989080458947982, 0.8113793102626142, 0.8292528736454317, 0.805114942610949, 0.822701149343074, 0.8321839079637637, 0.8167241379036301, 0.8151149424465224, 0.8273563217568671, 0.8280459770663031, 0.8199425287356322, 0.8319540229336969, 0.8121839079911681, 0.8313793103174232, 0.8071264368090136, 0.8281034483032665, 0.8227011495075006, 0.8167241379584389, 0.8416666666392623, 0.8336206895729591, 0.8302298851122801, 0.829367816091954, 0.8399425287356321, 0.8370689655720502, 0.8232758621237743, 0.8306321839902593, 0.8412068965791286, 0.8232758621237743, 0.8354597700327292, 0.8297126435959477, 0.8402873562396258, 0.8325287356595883, 0.8366666666940711, 0.8382758620415611, 0.8133908045154878, 0.8325862068691473, 0.8250574711821546, 0.8244252874111307, 0.830689655117605, 0.8301149425835445, 0.8443678161741673, 0.8279310344279498, 0.8243103447453729, 0.8461494253421652, 0.8354597700875381, 0.8291954022166372, 0.8394827586754985, 0.837183908045977, 0.8410344827860251, 0.832643678188324, 0.840862068883304, 0.8300574713465811, 0.8432758620689655, 0.837701149343074, 0.839655172468602, 0.8419540230433146, 0.8389080458947982, 0.8406321839902593, 0.8387931035030848, 0.837758620744464, 0.8435057471812456, 0.8507471263545683, 0.8415517241927399], "loss": [1.7028833713218081, 1.2760093419876457, 1.10671251406692, 0.9983847917861222, 0.9175263242878264, 0.8642374562321694, 0.8164111035082822, 0.7787940474183347, 0.7551696210176172, 0.729390359865108, 0.7144604705085217, 0.6970835280306462, 0.673937950559625, 0.6688041885358067, 0.6527889980508688, 0.6376287426075465, 0.633787829596112, 0.6211783154805501, 0.6154202509150258, 0.604646691453289, 0.6020390903054269, 0.5933891398694033, 0.5858865808880944, 0.577322491133157, 0.5763504974830879, 0.5736164618769721, 0.5590407874998352, 0.5543152897794482, 0.5521956379760599, 0.5548820858382283, 0.5453509506261405, 0.5358014585714385, 0.5375012223373556, 0.5369255787162154, 0.5361868560594012, 0.5261954987217003, 0.521214965039016, 0.5245324283698355, 0.5078923496002322, 0.5088306766720445, 0.5116929216340115, 0.5044229735790844, 0.5117594804450379, 0.5015976021547273, 0.502057197105157, 0.504181281910256, 0.49386497997901807, 0.49375742099654507, 0.49923943866026793, 0.4931344556696538, 0.488292690151734, 0.48110765017254253, 0.48903009532203134, 0.4788255611383859, 0.48697773306582454, 0.48463494064662377, 0.4822538019234026, 0.4793576896582411, 0.4795096394041894, 0.4735941129167315, 0.4735314175892324, 0.4746346552830907, 0.4681711714592338, 0.4710818031919954, 0.46536242251105153, 0.46649546531444425, 0.46941217044149763, 0.46528239536173466, 0.4651127694750056, 0.4649472535719894, 0.4608766738349843, 0.45807071027621415, 0.4571052880690131, 0.4545471381917246, 0.456102019341339, 0.4516417314972676, 0.46136019754857527, 0.4545820582248795, 0.45159617488373055, 0.44770908194528497, 0.4504887409109465, 0.4517173158282965, 0.4478645942580532, 0.4465361925749712, 0.4570623337606869, 0.446549162707978, 0.45350247712202474, 0.445934232165556, 0.44487392559857436, 0.4478230704556049, 0.4458197053917137, 0.43576613401583103, 0.4454104610004336, 0.44192471276426537, 0.4397721221469378, 0.44044470990767504, 0.4460236716494314, 0.44188918596702004, 0.4444620471884947, 0.441046150822035],